state,a,b,r2,rmse
Total,0.20438930699087557,2.6586577513227545,0.998049070556655,0.03780547364953201
NSW,0.18841092816010288,2.128767146341005,0.996273837074093,0.04820911433981066
Qld,0.2190998830464827,0.738165139791785,0.9884724262510775,0.09902451649991453
Vic,0.22967180942174734,0.6176567424326096,0.9984174694984449,0.03825367402712177
Tas,0.1609487608114777,-0.6899272894612737,0.9600800184486241,0.13751300091838742
